1.23E+11,Alejandro,4 Shasta Avenue,adaal0@jugem.jp,Female,0
1.23E+11,Fredi,18476 Pankratz Alley,fcorradengo1@statcounter.com,Agender,0
1.23E+11,Carlye,31588 Upham Lane,cdyde2@nymag.com,Female,0
,Noll,093 Meadow Vale Drive,nlavielle3@telegraph.co.uk,Genderfluid,0
1.23E+11,,46000 Sunfield Alley,sprene4@cdc.gov,Female,0
1.23E+11,Orville,7 Cardinal Circle,ogauchier5@friendfeed.com,Genderqueer,0
1.23E+11,Jabez,5 Esch Place,jantliff6@sakura.ne.jp,Male,0
1.23E+11,Leese,6282 Roth Place,ljacketts7@usnews.com,Female,0
1.23E+11,Ollie,8 Lien Way,ogoodship8@hatena.ne.jp,Female,0
1.23E+11,Terri,305 Chinook Junction,tclifforth9@shinystat.com,Female,0
,Herta,26 Duke Circle,hpessolta@walmart.com,Male,0
1.23E+11,Bax,81966 Randy Lane,boffieldb@over-blog.com,Male,0
1.23E+11,Rodrigo,20 Rockefeller Court,rroubayc@mashable.com,Male,0
1.23E+11,Mendel,6640 Melody Avenue,mtuffeyd@mayoclinic.com,Female,0
1.23E+11,Conchita,6461 Sunfield Center,cruckmane@example.com,Male,0
1.23E+11,Damara,326 Porter Parkway,dleatef@skyrock.com,Female,0
1.23E+11,Yule,60 Cottonwood Junction,yskevingtong@ovh.net,Female,0
1.23E+11,Evan,6766 Mariners Cove Street,ebascombh@fastcompany.com,Male,0
1.23E+11,Dulci,72252 Jenna Terrace,dblondellei@earthlink.net,Male,0
1.23E+11,Lucilia,85 Buena Vista Parkway,lbellefantj@amazon.com,Non-binary,0
1.23E+11,,51302 Westridge Drive,cbadsworthk@parallels.com,Male,0
1.23E+11,,1 Shelley Pass,ugilyottl@army.mil,Female,0
,Marshal,8 Ohio Terrace,myashuninm@jugem.jp,Agender,0
,Demetre,7 7th Road,dcoltartn@chicagotribune.com,Male,0
1.23E+11,Bibbie,2 Blaine Hill,birdaleo@businesswire.com,Male,0
1.23E+11,Sonja,657 Sutteridge Road,strokerp@odnoklassniki.ru,Female,0
1.23E+11,Erasmus,3 Northland Park,enannininiq@dagondesign.com,Male,0
1.23E+11,Benedicto,47296 Artisan Crossing,bgissingr@constantcontact.com,Male,0
1.23E+11,Aluin,4056 Donald Junction,abaumlers@google.com.br,Genderfluid,0
,Barri,06246 6th Street,bpiercet@msu.edu,Female,0
1.23E+11,Shana,19 Debra Terrace,smccolleyu@simplemachines.org,Male,0
1.23E+11,Kally,063 Meadow Ridge Parkway,ksarchv@1und1.de,Female,0
1.23E+11,Xylia,87682 5th Parkway,xuzelliw@livejournal.com,Male,0
1.23E+11,Loria,20 Oak Valley Center,lredmondx@hugedomains.com,Non-binary,0
1.23E+11,Georgiana,31923 Sundown Park,gprobety@over-blog.com,Male,0
1.23E+11,Graig,4293 Village Parkway,gpeschkaz@oracle.com,Male,0
1.23E+11,Hailee,2355 Continental Parkway,hmurkitt10@mit.edu,Female,0
1.23E+11,Norma,4 Sheridan Avenue,nglascott11@state.tx.us,Male,0
1.23E+11,Roobbie,98 Tennyson Crossing,rpescud12@accuweather.com,Female,0
1.23E+11,Faith,019 Mifflin Drive,fpersence13@amazon.com,Agender,0
1.23E+11,Melania,883 Macpherson Park,mparcall14@quantcast.com,Bigender,0
1.23E+11,Gilberto,8538 Merchant Circle,gelvish15@furl.net,Male,0
1.23E+11,Kiah,2 Helena Hill,kplace16@csmonitor.com,Agender,0
1.23E+11,Mikkel,63553 Talisman Plaza,mkinnen17@imgur.com,Male,0
1.23E+11,Josh,30 Anniversary Center,jmillmore18@wikia.com,Female,0
,Merilee,19 Hauk Place,mriveles19@bing.com,Polygender,0
,Palmer,1646 Jana Parkway,padshede1a@yale.edu,Male,0
1.23E+11,Ody,5 Fisk Hill,ojestico1b@deliciousdays.com,Male,0
1.23E+11,Pen,1 Boyd Plaza,ptrundell1c@ifeng.com,Female,0
1.23E+11,Nara,91 Tomscot Alley,nbangham1d@telegraph.co.uk,Male,0
1.23E+11,Worth,586 Bunker Hill Hill,whuckfield1e@digg.com,Female,0
1.23E+11,,1055 Helena Plaza,laldwinckle1f@xing.com,Male,0
1.23E+11,Yvon,2 Knutson Pass,ypedroni1g@storify.com,Male,0
1.23E+11,Nixie,72 Eagan Point,ngrishukov1h@webnode.com,Male,0
1.23E+11,Shem,117 Linden Court,spassler1i@ask.com,Male,0
1.23E+11,Meir,060 Southridge Trail,msimonds1j@amazon.co.uk,Male,0
1.23E+11,Alano,0 Dawn Way,asurguine1k@blinklist.com,Female,0
1.23E+11,Roderich,2653 Sunbrook Way,rrayne1l@hostgator.com,Non-binary,0
1.23E+11,Joell,359 Reinke Lane,jhayer1m@example.com,Male,0
1.23E+11,Trudi,8379 3rd Crossing,tdominicacci1n@oakley.com,Male,0
1.23E+11,Adair,3 Green Ridge Trail,arobet1o@elpais.com,Female,0
1.23E+11,Denny,1444 Melrose Avenue,dmaccrae1p@wordpress.org,Female,0
1.23E+11,June,90740 Golden Leaf Street,jbielfeld1q@tripadvisor.com,Female,0
1.23E+11,Chantal,40032 Rutledge Alley,cchatten1r@epa.gov,Male,0
1.23E+11,Melony,344 Towne Road,moldacres1s@sourceforge.net,Genderfluid,0
1.23E+11,Chiquita,105 Evergreen Alley,croderighi1t@forbes.com,Female,0
1.23E+11,Elihu,23 Butternut Way,efilinkov1u@salon.com,Female,0
1.23E+11,Amanda,11 Derek Crossing,aguidera1v@unesco.org,Female,0
,Zorine,592 North Terrace,zskidmore1w@redcross.org,Male,0
1.23E+11,Dacia,4067 Mcguire Trail,dfarn1x@vimeo.com,Male,0
1.23E+11,Isak,2 Village Green Plaza,irushbrook1y@sitemeter.com,Female,0
1.23E+11,Amby,464 Comanche Junction,aseres1z@cargocollective.com,Male,0
1.23E+11,Padget,1 Heffernan Place,pwoodhall20@state.gov,Male,0
1.23E+11,Gilemette,435 Bay Terrace,gtompkins21@blogtalkradio.com,Female,0
1.23E+11,Ealasaid,164 Ilene Drive,eselway22@yellowbook.com,Female,0
1.23E+11,Bernie,7111 Cherokee Pass,bbiasini23@moonfruit.com,Male,0
1.23E+11,Ralina,7 1st Lane,rtozer24@mashable.com,Male,0
1.23E+11,Stevy,28700 Burning Wood Park,srockell25@craigslist.org,Female,0
1.23E+11,Brittani,15 Rowland Pass,bdanilyak26@usnews.com,Female,0
1.23E+11,Mala,0 Crest Line Terrace,mropkes27@51.la,Male,0
1.23E+11,Benny,47984 Gateway Road,bfoulsham28@amazon.co.jp,Male,0
,Ami,5 Fairfield Court,agittus29@cocolog-nifty.com,Male,0
,Jordan,02049 Sheridan Place,jtudor2a@dropbox.com,Male,0
1.23E+11,Benjamen,0452 East Court,bdyer2b@weibo.com,Male,0
1.23E+11,Dewain,976 Trailsway Terrace,didel2c@hud.gov,Female,0
1.23E+11,Margarita,534 Pennsylvania Parkway,mbeverage2d@unicef.org,Male,0
1.23E+11,Tris,16373 2nd Avenue,tpallis2e@ameblo.jp,Male,0
1.23E+11,Lorens,5 Sunbrook Plaza,lmiall2f@furl.net,Female,0
1.23E+11,Dulciana,6 Pawling Avenue,dsaull2g@webs.com,Male,0
1.23E+11,,35 Prairieview Plaza,vcockshot2h@tumblr.com,Male,0
1.23E+11,Bradney,44594 Dottie Road,bllelweln2i@nih.gov,Male,0
,Sawyer,34899 Messerschmidt Way,sfacchini2j@youku.com,Female,0
1.23E+11,Waylan,07 Knutson Road,wjordine2k@hugedomains.com,Genderfluid,0
1.23E+11,Celinka,328 Upham Circle,cmatt2l@cdc.gov,Male,0
1.23E+11,Roma,4 Oak Crossing,rmariot2m@buzzfeed.com,Male,0
1.23E+11,Ignazio,0 Corscot Pass,iexon2n@ucsd.edu,Male,0
1.23E+11,Linda,3 Annamark Plaza,lephgrave2o@washingtonpost.com,Male,0
1.23E+11,Matelda,050 Claremont Parkway,mprestidge2p@oracle.com,Female,0
1.23E+11,Eamon,91 Elgar Alley,eventum2q@berkeley.edu,Male,0
1.23E+11,Rosaline,5395 Iowa Alley,ryanyshev2r@fotki.com,Male,0
,Marline,4224 Armistice Circle,mbraim2s@de.vu,Female,0
1.23E+11,Elsa,91268 Scoville Junction,eshorten2t@sogou.com,Female,0
1.23E+11,Hunfredo,21144 Barby Terrace,hboutton2u@aol.com,Male,0
1.23E+11,Walt,7 John Wall Plaza,wjuszczak2v@wikimedia.org,Male,0
1.23E+11,Janaye,386 Oneill Center,jcadlock2w@google.de,Polygender,0
1.23E+11,Anestassia,32506 Esker Circle,aizaac2x@addtoany.com,Male,0
1.23E+11,Bebe,1972 Bunting Park,baujean2y@google.it,Male,0
1.23E+11,Lilllie,55348 Johnson Place,leve2z@indiatimes.com,Male,0
1.23E+11,,48 Westerfield Park,rblessed30@trellian.com,Female,0
1.23E+11,,53056 Scoville Street,zdumberell31@squarespace.com,Male,0
1.23E+11,Edgardo,43944 Pine View Pass,eflintoffe32@pen.io,Male,0
1.23E+11,Iorgo,84066 South Point,ijezzard33@friendfeed.com,Genderfluid,0
1.23E+11,Aubrie,36238 Old Gate Avenue,akinnear34@google.ca,Male,0
1.23E+11,Rodrigo,78 Jackson Pass,rluisetti35@jimdo.com,Male,0
1.23E+11,Wendall,5 Barnett Lane,waronovich36@arizona.edu,Female,0
1.23E+11,Hillard,43 Artisan Center,hcrawcour37@go.com,Male,0
1.23E+11,Karola,565 Debs Center,kgilby38@newsvine.com,Female,0
1.23E+11,Sibel,23 Sunbrook Circle,sbutner39@rambler.ru,Female,0
,,5 Ohio Circle,msydry3a@wired.com,Bigender,0
1.23E+11,Hazel,523 Hanson Trail,hgarioch3b@virginia.edu,Polygender,0
1.23E+11,Walt,1862 Anhalt Avenue,wbellis3c@umn.edu,Female,0
1.23E+11,Kora,8859 Butterfield Trail,kgroom3d@discuz.net,Female,0
1.23E+11,Bone,705 Moose Pass,bsutherland3e@sun.com,Female,0
1.23E+11,Clayborne,0 Fulton Parkway,cliebrecht3f@github.io,Male,0
1.23E+11,,4770 Mallory Center,jscaice3g@sakura.ne.jp,Female,0
